source_id	url	type	keywords	content_length	status
001	https://redis.io/blog/large-language-model-operations-guide/	web	kw_001	5800	ok
002	https://www.truefoundry.com/blog/llmops-vs-mlops	web	kw_001,kw_002	6200	ok
003	https://lakefs.io/mlops/mlops-pipeline/	web	kw_002,kw_009	7500	ok
004	https://madewithml.com/courses/mlops/cicd/	web	kw_009	4800	ok
005	https://mlflow.org/docs/latest/ml/model-registry/	web	kw_010,kw_031	4200	ok
006	https://dagshub.com/blog/best-8-experiment-tracking-tools-for-machine-learning-2023/	web	kw_015	7200	ok
007	https://apxml.com/courses/monitoring-managing-ml-models-production/chapter-6-ml-governance-compliance/advanced-model-versioning	web	kw_024,kw_010	6500	ok
008	https://betterprogramming.pub/a-comprehensive-guide-to-mlops-infrastructure-as-code-iac-ef4c97742351	web	kw_047	5500	ok
009	https://learn.microsoft.com/en-us/azure/architecture/ai-ml/guide/mlops-maturity-model	web	kw_049	5200	ok
010	https://www.zenml.io/blog/mlops-vs-llmops	web	kw_001,kw_002	7800	ok
020	https://www.instaclustr.com/education/apache-kafka/apache-kafka-architecture-a-complete-guide-2026/	web	kw_003,kw_048,kw_026	12850	ok
021	https://ai.gopubby.com/how-event-driven-architecture-transforms-ai-ml-31ae0d472435	web	kw_008,kw_003,kw_014	8200	ok
022	https://www.confluent.io/blog/apache-flink-apache-kafka-streams-comparison-guideline-users/	web	kw_023,kw_013,kw_014	9500	ok
023	https://debezium.io/documentation/reference/stable/architecture.html	web	kw_018,kw_003	2100	ok
024	https://www.confluent.io/blog/guide-to-stream-processing-and-ksqldb-fundamentals/	web	kw_021,kw_013,kw_014	6800	ok
025	https://www.kai-waehner.de/blog/2024/10/01/real-time-model-inference-with-apache-kafka-and-flink-for-predictive-ai-and-genai/	web	kw_023,kw_003,kw_014	14500	ok
026	https://www.confluent.io/blog/exactly-once-semantics-are-possible-heres-how-apache-kafka-does-it/	web	kw_045,kw_003	15200	ok
027	https://newrelic.com/blog/observability/effective-strategies-kafka-topic-partitioning	web	kw_048,kw_003	8600	ok
028	https://oneuptime.com/blog/post/2026-01-24-handle-backpressure-kafka-consumers/view	web	kw_050,kw_026	3800	ok
029	https://www.confluent.io/blog/guide-to-consumer-offsets/	web	kw_026,kw_045	11500	ok
030	https://www.automq.com/blog/avro-vs-json-schema-vs-protobuf-kafka-data-formats	web	kw_029,kw_003	7200	ok
031	https://docs.confluent.io/platform/current/get-started/platform.html	web	kw_034,kw_003	8900	ok
032	https://docs.confluent.io/platform/current/streams/overview.html	web	kw_013,kw_003	2400	ok
060	https://www.kai-waehner.de/blog/2025/09/15/online-feature-store-for-ai-and-machine-learning-with-apache-kafka-and-flink/	web	kw_005,kw_007	8500	ok
061	https://mlops.community/feature-stores-for-real-time-ai-ml-benchmarks-architectures-and-case-studies/	web	kw_005	9200	ok
062	https://estuary.dev/blog/data-pipeline-architecture/	web	kw_007	8800	ok
063	https://www.astronomer.io/docs/learn/airflow-mlops	web	kw_037,kw_007	12500	ok
064	https://www.zenml.io/blog/orchestration-showdown-dagster-vs-prefect-vs-airflow	web	kw_037	11000	ok
065	https://greatexpectations.io/blog/ml-ops-data-quality/	web	kw_040	5800	ok
066	https://bixtech.ai/great-expectations-gx-demystified-a-practical-guide-to-automated-data-validation-and-testing/	web	kw_040,kw_037	10200	ok
067	https://www.confluent.io/blog/cdc-and-streaming-analytics-using-debezium-kafka/	web	kw_042	7800	ok
068	https://estuary.dev/blog/change-data-capture-kafka/	web	kw_042,kw_007	9500	ok
040	https://www.civo.com/blog/are-you-correctly-deploying-llms-on-kubernetes-in-2025	web	kw_019,kw_030,kw_004	7200	ok
041	https://www.anyscale.com/blog/offline-batch-inference-comparing-ray-apache-spark-and-sagemaker	web	kw_035,kw_030	9800	ok
042	https://introl.com/blog/speculative-decoding-llm-inference-speedup-guide-2025	web	kw_036,kw_004	12500	ok
043	https://cast.ai/blog/demystifying-quantizations-llms/	web	kw_046,kw_036	11500	ok
044	https://developer.nvidia.com/blog/pruning-and-distilling-llms-using-nvidia-tensorrt-model-optimizer/	web	kw_046	10200	ok
045	https://blog.premai.io/deploying-llms-on-kubernetes-vllm-ray-serve-gpu-scheduling-guide-2026/	web	kw_004,kw_030,kw_019,kw_036	18500	ok
046	https://oneuptime.com/blog/post/2026-01-19-kubernetes-blue-green-canary-deployments/view	web	kw_019,kw_030	9200	ok
047	https://debugg.ai/resources/kubernetes-gpu-scheduling-2025-kueue-volcano-mig	web	kw_030,kw_004	19500	ok
048	https://developers.redhat.com/articles/2025/08/07/batch-inference-openshift-ai-ray-data-vllm-and-codeflare	web	kw_035,kw_004,kw_030	5800	ok
049	https://www.marktechpost.com/2025/11/19/vllm-vs-tensorrt-llm-vs-hf-tgi-vs-lmdeploy-a-deep-technical-comparison-for-production-llm-inference/	web	kw_004,kw_036	5500	ok
080	https://opentelemetry.io/blog/2024/llm-observability/	web	kw_028,kw_006	6800	ok
081	https://microsoft.github.io/code-with-engineering-playbook/automated-testing/shadow-testing/	web	kw_041	4800	ok
082	https://mlops.community/the-what-why-and-how-of-a-b-testing-in-ml/	web	kw_027,kw_041	12500	ok
083	https://grafana.com/blog/a-complete-guide-to-llm-observability-with-opentelemetry-and-grafana-cloud/	web	kw_028,kw_006	9200	ok
084	https://www.datarobot.com/blog/introducing-mlops-champion-challenger-models/	web	kw_027,kw_006	6500	ok
085	https://www.deepchecks.com/glossary/shadow-deployment/	web	kw_041	4200	ok
086	https://www.evidentlyai.com/ml-in-production/model-monitoring	web	kw_006,kw_020	55891	ok
087	https://www.evidentlyai.com/ml-in-production/data-drift	web	kw_020,kw_006	47972	ok
088	https://www.evidentlyai.com/blog/data-drift-detection-large-datasets	web	kw_020,kw_006	25000	ok
089	https://www.marktechpost.com/2026/03/21/safely-deploying-ml-models-to-production-four-controlled-strategies-a-b-canary-interleaved-shadow-testing/	web	kw_027,kw_041	68462	ok
120	https://introl.com/blog/fine-tuning-infrastructure-lora-qlora-peft-scale-guide-2025	web	kw_016	14500	ok
121	https://www.infoq.com/articles/streaming-first-real-time-ml/	web	kw_025	12000	ok
122	https://enhancedmlops.com/automatic-model-retraining-when-and-how-to-do-it/	web	kw_033	15000	ok
123	https://www.sei.cmu.edu/blog/improving-automated-retraining-of-machine-learning-models/	web	kw_033	5500	ok
124	https://www.314e.com/engineering-hub/how-to-architect-a-self-improving-ml-system-with-automated-model-retraining/	web	kw_033,kw_044	13000	ok
125	https://www.superannotate.com/blog/rlhf-for-llm	web	kw_044	12000	ok
126	https://www.sciencedirect.com/science/article/pii/S0167739X24002930	web	kw_025,kw_033	2800	ok
100	https://blog.promptlayer.com/5-best-tools-for-prompt-versioning/	web	kw_011	8500	ok
101	https://coralogix.com/ai-blog/rag-in-production-deployment-strategies-and-practical-considerations/	web	kw_012,kw_017	15200	ok
102	https://liquidmetal.ai/casesAndBlogs/vector-comparison/	web	kw_017	12800	ok
103	https://www.gocodeo.com/post/top-5-ai-evaluation-frameworks-in-2025-from-ragas-to-deepeval-and-beyond	web	kw_022	7200	ok
104	https://www.datadoghq.com/blog/ai/llm-hallucination-detection/	web	kw_022	11500	ok
105	https://www.nexastack.ai/blog/langchain-production	web	kw_032	12500	ok
106	https://www.glukhov.org/post/2025/11/cost-effective-llm-applications	web	kw_039	9800	ok
107	https://ai.koombea.com/blog/llm-cost-optimization	web	kw_039	11200	ok
108	https://www.helicone.ai/blog/top-llm-gateways-comparison-2025	web	kw_043	10500	ok
109	https://konghq.com/blog/engineering/ai-gateway-benchmark-kong-ai-gateway-portkey-litellm	web	kw_043	7500	ok
110	https://medium.com/data-science-collective/essential-guide-to-llm-guardrails-llama-guard-nemo-d16ebb7cbe82	web	kw_038	8200	ok
