source_id	title	url	type	keywords	content_length	scraped_at	status
001	LangSmith Observability Concepts — Traces, Runs, Projects, Tags, Metadata	https://docs.langchain.com/langsmith/observability-concepts	docs	tracing, runs, projects, tags and metadata	1842	2026-03-27	done
002	LangSmith Tracing Quickstart — Setup, Environment Variables, First Trace	https://docs.langchain.com/langsmith/observability-quickstart	docs	tracing, runs, projects	3210	2026-03-27	done
003	LangSmith Custom Instrumentation — @traceable, wrap_openai, RunTree, trace context manager	https://docs.langchain.com/langsmith/annotate-code	docs	tracing, runs	5890	2026-03-27	done
004	LangSmith — Log Traces to Specific Project (Static & Dynamic Assignment)	https://docs.langchain.com/langsmith/log-traces-to-project	docs	projects, tracing	4120	2026-03-27	done
005	LangSmith — Adding Metadata and Tags to Traces	https://docs.langchain.com/langsmith/add-metadata-tags	docs	tags and metadata, tracing, runs	3480	2026-03-27	done
006	LangSmith — Trace Using the REST API (POST /runs, PATCH /runs, Batch Ingestion)	https://docs.langchain.com/langsmith/trace-with-api	docs	tracing, runs	5640	2026-03-27	done
007	LangSmith — Distributed Tracing (Context Propagation Headers, Cross-Service)	https://docs.langchain.com/langsmith/distributed-tracing	docs	tracing, runs	3920	2026-03-27	done
008	LangSmith — Filter Traces in Application (Query Syntax, Tags, Metadata, SDK)	https://docs.langchain.com/langsmith/filter-traces-in-application	docs	tags and metadata, runs, tracing	2870	2026-03-27	done
009	LangSmith — Trace with OpenTelemetry (OTEL Integration, Attribute Mapping)	https://docs.langchain.com/langsmith/trace-with-opentelemetry	docs	tracing, runs, tags and metadata	5310	2026-03-27	done
010	LangSmith — Configure Threads for Multi-Turn Conversations (session_id, thread_id)	https://docs.langchain.com/langsmith/threads	docs	tracing, tags and metadata, runs	3280	2026-03-27	done
011	LangSmith — Run Types Reference and LLM Call Logging	https://docs.langchain.com/langsmith/log-llm-trace	docs	runs, tracing	3120	2026-03-27	done
012	LangSmith — RunTree API Reference (Python & JS, parent-child hierarchy)	https://docs.smith.langchain.com/reference/python/run_trees/langsmith.run_trees.RunTree	docs	runs, tracing	2650	2026-03-27	done
013	LangSmith Evaluation Concepts — Datasets, Evaluators, Experiments, Online/Offline	https://docs.langchain.com/langsmith/evaluation	docs	datasets, evaluators, experiments, online evaluation	2840	2026-03-27	done
014	LangSmith — Manage Datasets (Versioning, CSV Import, Production Traces, Splits)	https://docs.langchain.com/langsmith/manage-datasets	docs	datasets	2760	2026-03-27	done
015	LangSmith Evaluators — Heuristic, LLM, Custom, Pairwise, Code Evaluator 유형	https://docs.smith.langchain.com/evaluation	docs	evaluators, LLM-as-judge	3150	2026-03-27	done
016	LangSmith — LLM-as-Judge 평가 정의 방법 (Criteria Scoring, Reference-free/based)	https://docs.langchain.com/langsmith/llm-as-judge	docs	LLM-as-judge, evaluators	2980	2026-03-27	done
017	LangSmith — Experiments 실행, 비교 뷰, Regression Testing, Repetitions	https://docs.smith.langchain.com/evaluation/how_to_guides/compare_experiment_results	docs	experiments	3020	2026-03-27	done
018	LangSmith — Annotation Queues (인간 리뷰 큐, Rubric, Pairwise Annotation)	https://docs.langchain.com/langsmith/annotation-queues	docs	annotation queues	3280	2026-03-27	done
019	LangSmith — Online Evaluation (프로덕션 평가, Sampling Rate, Quality Drift)	https://docs.langchain.com/langsmith/online-evaluations	docs	online evaluation	2920	2026-03-27	done
020	LangSmith — Feedback 시스템 (Run Feedback, User Feedback, Thumbs Up/Down, Score/Key)	https://docs.langchain.com/langsmith/agent-server-feedback	docs	feedback	2880	2026-03-27	done
021	LangSmith — Multi-turn Evaluation (대화 평가, Agent Trajectory, Thread-level Scoring)	https://blog.langchain.com/insights-agent-multiturn-evals-langsmith/	blog	multi-turn evaluation, online evaluation	2640	2026-03-27	done
022	LangSmith — Pairwise Evaluation (evaluate_comparative, 비교 평가, 위치 편향)	https://docs.langchain.com/langsmith/evaluate-pairwise	docs	evaluators, experiments, annotation queues	2560	2026-03-27	done
023	LangSmith SDK v0.2 — evaluate() 통합 API, num_repetitions, Custom Evaluators	https://blog.langchain.com/easier-evaluations-with-langsmith-sdk-v0-2/	blog	evaluators, experiments	2720	2026-03-27	done
024	LangSmith — 데이터셋에 Evaluator 바인딩 (UI 구성, Code Evaluator, 자동 실험 채점)	https://docs.langchain.com/langsmith/bind-evaluator-to-dataset	docs	evaluators, datasets, experiments	2210	2026-03-27	done
025	LangSmith Evaluation Platform — 전체 기능 개요 (Agent Trajectory, Multi-modal, Human Review)	https://www.langchain.com/langsmith/evaluation	web	evaluators, datasets, annotation queues, multi-turn evaluation, online evaluation	2480	2026-03-27	done
026	LangSmith — Prompt Playground에서 평가 실행 (Run Evaluation from Playground)	https://docs.langchain.com/langsmith/run-evaluation-from-prompt-playground	docs	prompt playground, prompt versioning	1420	2026-03-27	done
027	LangSmith Playground v2 — 확장 모델 지원, 동시 실행, 통합 레이아웃	https://changelog.langchain.com/announcements/langsmith-playground-v2-more-models-better-compatibility-faster-testing	web	prompt playground	1180	2026-03-27	done
028	LangSmith Playground — 프롬프트 빌드 및 Side-by-Side 비교	https://changelog.langchain.com/announcements/build-prompts-faster-and-compare-in-langsmith-playground	web	prompt playground	980	2026-03-27	done
029	LangSmith 프롬프트 엔지니어링 핵심 개념 — 버전 관리, 커밋, 태그, 플레이그라운드	https://docs.langchain.com/langsmith/prompt-engineering-concepts	docs	prompt versioning, prompt playground	2240	2026-03-27	done
030	LangSmith 프롬프트 버전 관리 — Diff View와 Prompt Tags	https://changelog.langchain.com/announcements/diff-view-in-langsmith-s-prompt-hub	web	prompt versioning	1580	2026-03-27	done
031	LangSmith 프롬프트 태그와 SDLC 통합 — commit hash, 태그 기반 환경 분리	https://changelog.langchain.com/announcements/prompt-tags-in-langsmith-for-version-control	web	prompt versioning	1320	2026-03-27	done
032	LangChain Hub — 공개 프롬프트 허브, pull/push, fork, 커뮤니티 공유	https://blog.langchain.com/langchain-prompt-hub/	blog	LangChain Hub	1640	2026-03-27	done
033	LangSmith — 프롬프트 프로그래매틱 관리 (push_prompt, pull_prompt, 버전 참조, 캐싱)	https://docs.langchain.com/langsmith/manage-prompts-programmatically	docs	LangChain Hub, prompt versioning	3280	2026-03-27	done
034	LangSmith — Monitor Projects with Dashboards (Prebuilt & Custom)	https://docs.langchain.com/langsmith/dashboards	docs	monitoring dashboards, latency metrics, token usage, error rate, P50/P99	2480	2026-03-27	done
035	LangSmith — Set Up Automation Rules (Filter, Sampling, Actions)	https://docs.langchain.com/langsmith/rules	docs	automation rules, filter condition, sampling, webhook trigger, dataset addition	2620	2026-03-27	done
036	LangSmith — Configure Alerts with Webhook and Metric Thresholds	https://docs.langchain.com/langsmith/alerts-webhook	docs	alerts, metric alerts, webhook alert, threshold configuration	2890	2026-03-27	done
037	Catch Production Failures Early with LangSmith Alerts	https://blog.langchain.com/langsmith-alerts/	blog	alerts, metric alerts, threshold configuration, monitoring dashboards	1580	2026-03-27	done
038	LangSmith — Configuring PagerDuty Integration for Alerts	https://docs.langchain.com/langsmith/alerts-pagerduty	docs	alerts, PagerDuty, metric alerts, threshold configuration	1920	2026-03-27	done
039	LangSmith — Discover Errors and Usage Patterns with the Insights Agent	https://docs.langchain.com/langsmith/insights	docs	Insights Agent, failure mode discovery, pattern analysis	2760	2026-03-27	done
040	From Traces to Insights: Understanding Agent Behavior at Scale	https://blog.langchain.com/from-traces-to-insights-understanding-agent-behavior-at-scale/	blog	Insights Agent, failure mode discovery, pattern analysis	2340	2026-03-27	done
041	LangSmith — Cost Tracking (Token Usage, Provider Cost Breakdown)	https://docs.langchain.com/langsmith/cost-tracking	docs	cost and token tracking, LLM 비용, provider cost breakdown, token usage	3180	2026-03-27	done
042	LangSmith — Unified Cost Tracking for LLMs, Tools, and Retrieval	https://changelog.langchain.com/announcements/unified-cost-tracking-for-llms-tools-retrieval	web	cost and token tracking, LLM 비용, provider cost breakdown, monitoring dashboards	1460	2026-03-27	done
043	Improve Agent Quality with Insights Agent and Multi-turn Evals in LangSmith	https://blog.langchain.com/insights-agent-multiturn-evals-langsmith/	blog	Insights Agent, failure mode discovery, pattern analysis	1820	2026-03-27	done
044	LangSmith: Production Monitoring and Automations	https://blog.langchain.com/langsmith-production-logging-automations/	blog	automation rules, filter condition, sampling, dataset addition	1720	2026-03-27	done
045	LangSmith — Discover Patterns in Production Traces with the Insights Agent (GA)	https://changelog.langchain.com/announcements/discover-patterns-in-production-traces-with-the-insights-agent	web	Insights Agent, failure mode discovery, pattern analysis	1080	2026-03-27	done
046	LLM Observability: A Guide to Monitoring with LangSmith	https://activewizards.com/blog/llm-observability-a-guide-to-monitoring-with-langsmith	web	monitoring dashboards, latency metrics, token usage, error rate, P50/P99	1640	2026-03-27	done
047	LangSmith Python SDK — @traceable, wrap_openai, RunTree API	https://pypi.org/project/langsmith/	docs	SDK integration, @traceable, wrap_openai, RunTree, context manager	1820	2026-03-27	done
048	LangSmith SDK GitHub README — Integration Patterns	https://github.com/langchain-ai/langsmith-sdk/blob/main/python/README.md	docs	SDK integration, @traceable, wrap_openai, RunTree, TypeScript SDK	1640	2026-03-27	done
049	LangSmith Framework Integrations — LangChain, LangGraph, CrewAI, AutoGen, Vercel AI SDK	https://docs.langchain.com/langsmith/integrations	docs	framework integrations, LangChain, LangGraph, CrewAI, AutoGen, Vercel AI SDK	1780	2026-03-27	done
050	LangSmith Deployment — Control Plane Architecture & Agent Servers	https://docs.langchain.com/langsmith/control-plane	docs	deployment, Agent Servers, control plane, data plane, scaling	1920	2026-03-27	done
051	LangSmith Data Plane — Infrastructure & Autoscaling	https://docs.langchain.com/langsmith/data-plane	docs	deployment, data plane, autoscaling, PostgreSQL, Redis	1740	2026-03-27	done
052	LangSmith Self-Hosted on Kubernetes — Helm Chart & Data Residency	https://docs.langchain.com/langsmith/kubernetes	docs	self-hosted LangSmith, Kubernetes, Helm chart, data residency, air-gapped	2140	2026-03-27	done
053	Self-Hosting LangSmith — Architecture, Components & Operations	https://deepwiki.com/langchain-ai/langsmith-docs/6-self-hosting	docs	self-hosted LangSmith, Kubernetes, Docker, ClickHouse, PostgreSQL	2380	2026-03-27	done
054	LangSmith REST API — Runs, Datasets, Feedback Endpoints	https://docs.langchain.com/langsmith/run-evals-api-only	docs	API and SDK reference, REST API, runs, datasets, feedback endpoints	2060	2026-03-27	done
055	LangSmith API — Complete Developer Guide	https://agentsapis.com/langsmith-api/	web	API and SDK reference, REST API, API key management, authentication	1640	2026-03-27	done
056	LangGraph Platform GA — Agent Deployment Infrastructure	https://blog.langchain.com/langgraph-platform-ga/	blog	deployment, Agent Servers, control plane, scaling, LangGraph Platform	1920	2026-03-27	done
057	Why LangGraph Platform for Agent Deployment — Production Challenges	https://blog.langchain.com/why-langgraph-platform/	blog	deployment, long-running agents, bursty load, stateful operations	1760	2026-03-27	done
058	LangSmith Observability — Framework-Agnostic Integrations	https://www.langchain.com/langsmith/observability	web	framework integrations, LangGraph, LlamaIndex, OpenTelemetry, SDK	1580	2026-03-27	done
